start,end,duration_hours,mean_cf,min_cf,mean_cf_ma,mean_solar_cf,mean_wind_cf,severity,year
1982-01-08 13:00:00,1982-01-25 04:00:00,400,0.0391403901027669,0.0009802250694483,0.0399400292804913,0.0426826514303684,0.0343085091481817,8.343843958893208,1982
1980-01-04 12:00:00,1980-01-20 05:00:00,378,0.0400580655819035,0.0028057707524858,0.0401908630353626,0.0362695418298244,0.0452258505244204,7.538051210040457,1980
1997-01-04 17:00:00,1997-01-12 09:00:00,185,0.0291177865573955,0.0006214689969783,0.0327957850492783,0.032591838389635,0.0243789513615217,5.713209486881817,1997
1981-12-20 07:00:00,1981-12-28 19:00:00,205,0.0356785298143017,0.0019378518867306,0.0357759509089798,0.030386708676815,0.0428969213303099,4.985901388068139,1981
1984-12-25 10:00:00,1984-12-31 23:00:00,158,0.0312160503044389,0.0002132861715689,0.0304099954859943,0.0263019390404224,0.0379192332162501,4.547864051898646,1984
1982-11-26 14:00:00,1982-12-08 03:00:00,278,0.0441079501747154,0.0006633390636889,0.0450304932824128,0.0280343573540449,0.0660333768167394,4.417989851429106,1982
1997-01-14 16:00:00,1997-01-22 11:00:00,188,0.0371871815498252,0.0005595372224925,0.038920347036669,0.0396242886781692,0.0338628167643192,4.288809868632853,1997
1997-01-22 22:00:00,1997-01-30 04:00:00,175,0.0391592966046776,0.0013473231774114,0.0418792381054225,0.0390796475112438,0.0392679363647674,3.647123094181405,1997
1980-02-10 19:00:00,1980-02-18 13:00:00,187,0.0414459920938513,0.0010538164107128,0.0419901707419614,0.0498310960829257,0.0300081526424656,3.469599478449794,1980
1997-12-19 11:00:00,1997-12-24 07:00:00,117,0.0324238674984816,0.0001136486351606,0.0352026832379862,0.0196396652609109,0.049862367596398,3.226407502677651,1997
1997-11-28 22:00:00,1997-12-05 15:00:00,162,0.0403332964070415,0.0033081575911492,0.0411797402952719,0.0255710780620574,0.0604699307933766,3.1860059820592683,1997
1984-12-01 15:00:00,1984-12-06 11:00:00,117,0.0364944124703048,0.0023491570511832,0.039953479442097,0.0298653822392225,0.0455368514707748,2.750153740974332,1984
1997-11-11 14:00:00,1997-11-17 06:00:00,137,0.0417257826889373,0.0042551266634836,0.0457011810330511,0.0303517878055572,0.0572406632944624,2.5035677716155798,1997
1997-11-21 07:00:00,1997-11-25 18:00:00,108,0.0376678783007944,0.0033401185087859,0.0369776773571993,0.0364524275064468,0.0393258398993218,2.411869143514196,1997
1979-11-18 04:00:00,1979-11-22 22:00:00,115,0.0392269846184118,0.0011245006669778,0.0388497819112733,0.0307899415493011,0.0507356620373878,2.388896768882638,1979
1983-11-03 01:00:00,1983-11-11 12:00:00,204,0.0486181199490182,0.0001311335125355,0.0473740547268664,0.0645243376493454,0.0269209892350308,2.32190353040028,1983
1981-12-15 20:00:00,1981-12-19 14:00:00,91,0.03799351993049,0.0034060330325737,0.0391493067683908,0.0278513804078102,0.0518280900222189,2.0025896863254085,1981
1982-12-12 13:00:00,1982-12-14 07:00:00,43,0.021011727049017,0.0008549269661307,0.0368523114924342,0.0202581640332937,0.0220396369695663,1.676495736892266,1982
1979-12-23 17:00:00,1979-12-26 16:00:00,72,0.0368947031746568,0.0028913331655785,0.0393388862974013,0.0275910273194313,0.0495855335066927,1.663581371424707,1979
1982-01-01 00:00:00,1982-01-02 19:00:00,44,0.0223055532316276,0.0013605536995455,0.0295642434979724,0.0245335977524518,0.0192663492040431,1.658555657808381,1982
1997-12-27 18:00:00,1997-12-31 23:00:00,102,0.0437776536494356,0.0041439326964318,0.0443877766923178,0.0265314932912588,0.0673025485048902,1.654679327757562,1997
1982-10-26 18:00:00,1982-10-31 20:00:00,123,0.0466805574575092,0.0004803230313118,0.0483785745342641,0.060090210288763,0.0283888993745154,1.6382914327263645,1982
1984-02-10 13:00:00,1984-02-16 09:00:00,141,0.0484268689125797,0.0003320654351846,0.0514477961056296,0.0657769218087196,0.0247602599494634,1.6318114833262556,1984
1981-01-20 21:00:00,1981-01-24 08:00:00,84,0.0417715437851578,0.0088186544571071,0.0493819385091615,0.0376268811523914,0.0474251270928281,1.5311903220467369,1981
1982-12-22 16:00:00,1982-12-26 11:00:00,92,0.0434092035940553,0.0097136564422398,0.0487931662721898,0.0200145523995161,0.0753210521441824,1.526353269346908,1982
1980-01-23 13:00:00,1980-01-26 04:00:00,64,0.036947155286439,0.0018655219338834,0.0428695873626556,0.0313258729875087,0.0446149557036288,1.4753820616679008,1980
1981-01-26 21:00:00,1981-01-29 21:00:00,73,0.0405782626429391,0.0046659513838822,0.0441955556322425,0.0470930524170398,0.0316916589248687,1.417786827065445,1981
1980-12-26 15:00:00,1980-12-28 06:00:00,40,0.0255070242406696,0.0032012004163116,0.04675000499971,0.0178477838635444,0.0359547337160465,1.3797190303732147,1980
1984-12-11 12:00:00,1984-12-13 19:00:00,56,0.0371540526050705,0.0005540842381305,0.0439163502099034,0.0317017808556556,0.0445913112861044,1.2793730541160515,1984
1982-11-02 17:00:00,1982-11-05 03:00:00,59,0.0384077993482007,0.0076142760554394,0.0484160390781444,0.0397574342787265,0.0365668134169375,1.2739398384561555,1982
1983-02-09 14:00:00,1983-02-11 07:00:00,42,0.0299786678652439,0.0007669765215832,0.0491707239507472,0.0390372797846794,0.0176221225410699,1.2608959496597525,1983
1983-11-16 06:00:00,1983-11-19 05:00:00,72,0.0431024271122635,0.0006578038169536,0.045553670380273,0.0398084968328475,0.0475955593617672,1.2166252479170212,1983
1982-02-23 15:00:00,1982-02-26 07:00:00,65,0.041339058052034,1.652401605332443e-05,0.0538970559679921,0.0689120888710022,0.0037276285968007,1.2129612266177885,1982
1983-12-17 05:00:00,1983-12-20 05:00:00,73,0.0441594437207172,0.0065164674598672,0.0467771896463001,0.0259201843291521,0.0690389998415683,1.1563606083876437,1983
1984-01-19 14:00:00,1984-01-21 17:00:00,52,0.0393193859114076,0.0030087827858515,0.0449606049011442,0.0378932990133762,0.0412646700093086,1.075391932606801,1984
1982-02-06 18:00:00,1982-02-09 10:00:00,65,0.0443443067150906,0.0028858203878626,0.0497843602030237,0.0278980955481529,0.0667780227166541,1.017620063519106,1982
1979-12-19 12:00:00,1979-12-21 10:00:00,47,0.0386793486575974,0.0194299126826226,0.0431505197550588,0.0242350436747074,0.0583823300263983,1.00207061309292,1979
1979-02-18 18:00:00,1979-02-20 10:00:00,41,0.0370800931028363,0.0018021993250586,0.0528900344353919,0.0553162544965744,0.0122047615178087,0.9397161827837108,1979
1997-01-01 00:00:00,1997-01-02 21:00:00,46,0.0396719801876972,0.0022892310619354,0.0419187873006054,0.0430098138749599,0.0351189496986409,0.9350889113659248,1997
1979-11-01 05:00:00,1979-11-03 06:00:00,50,0.0413977945424645,0.0080026843808591,0.0488673491601522,0.0360156968235969,0.0487393379369948,0.9301102728767718,1979
1984-12-14 13:00:00,1984-12-18 09:00:00,93,0.050083854162122,0.0241636949256062,0.0517434567265173,0.0179401151835918,0.0939300385244349,0.9222015629226524,1984
1979-01-15 02:00:00,1979-01-17 21:00:00,68,0.0464902773851485,0.0063039620434865,0.0475044695687871,0.0391563586890697,0.0564942284625895,0.918661137809902,1979
1979-02-04 22:00:00,1979-02-06 19:00:00,46,0.0400790540739114,0.0020819106171838,0.0463746332053531,0.0558781251311302,0.0185280752546609,0.9163635126000736,1979
1982-12-29 17:00:00,1982-12-31 23:00:00,55,0.0437007145788308,0.0078286917492193,0.046487603151374,0.028055340051651,0.0650420383887088,0.8964606981643048,1982
1980-12-20 14:00:00,1980-12-22 14:00:00,49,0.0420580189681219,0.0103451999220997,0.0485349521192649,0.0243609584867954,0.066197969019413,0.8791570705620232,1980
1981-10-21 22:00:00,1981-10-24 18:00:00,69,0.0475132091308431,0.0018073116196319,0.0485633246142837,0.0619532689452171,0.0278159970060942,0.8615885699718201,1981
1980-03-08 16:00:00,1980-03-11 03:00:00,60,0.0457354333257079,0.0031329508032649,0.055795377682896,0.0641051605343818,0.0206779051730607,0.8558740004575232,1980
1984-11-05 21:00:00,1984-11-08 12:00:00,64,0.0473580935885303,0.0044779944363981,0.0509589570862524,0.0577758513391017,0.0331475772756211,0.8090820103340599,1984
1983-03-18 10:00:00,1983-03-20 10:00:00,49,0.0439349945348649,0.0012267818902619,0.048311517652146,0.0463016778230667,0.0407066720121718,0.7871852677916177,1983
1979-01-21 14:00:00,1979-01-23 16:00:00,51,0.0448641763223227,0.0085383854985375,0.0500298462696208,0.0373903438448905,0.0550589891982839,0.7719270075615389,1979
1981-02-15 17:00:00,1981-02-17 03:00:00,35,0.0389580628704545,0.0048022472374141,0.0569025184934642,0.0541505701839923,0.0182344750600292,0.7364677995340893,1981
1983-12-11 03:00:00,1983-12-13 21:00:00,67,0.0492748519916747,0.0087796520870178,0.0511195184129282,0.0398912206292152,0.062074748759574,0.7185849165577934,1983
1979-01-04 22:00:00,1979-01-06 10:00:00,37,0.040688911733545,0.004747773181647,0.0529463271281596,0.032210785895586,0.0522536311219347,0.7145102658588329,1979
1983-02-26 12:00:00,1983-02-28 10:00:00,47,0.0452890993122899,0.0035351913962513,0.0515831256318332,0.0407401360571384,0.051494188923785,0.6914123323223703,1983
1979-01-08 17:00:00,1979-01-09 17:00:00,25,0.0324777750876618,0.0088963187120389,0.0503151799822364,0.0185250639915466,0.0515101981606889,0.6880556228084549,1979
1984-01-28 02:00:00,1984-01-30 07:00:00,54,0.0474767179258067,0.0100419892854988,0.0511109738641607,0.0435047857463359,0.0528946965140231,0.6762572320064364,1984
1983-12-01 01:00:00,1983-12-02 14:00:00,38,0.0438838429474478,0.003025128963869,0.0495895371333757,0.0494878850877285,0.0362395607727639,0.6124139679969814,1983
1984-11-26 10:00:00,1984-11-27 12:00:00,27,0.0374445438897937,0.0038166308356449,0.0494460047683388,0.0375249162316322,0.0373349093059276,0.6089973149755677,1984
1984-11-19 05:00:00,1984-11-21 13:00:00,57,0.0493257351856139,0.0114576469019521,0.047746862757871,0.0386310182511806,0.0639140336437428,0.6084330944200043,1984
1981-11-08 18:00:00,1981-11-10 01:00:00,32,0.0411691349880391,0.0014375588768161,0.0549406312405612,0.0356531105935573,0.0486933529535506,0.6025876803827481,1981
1979-12-07 11:00:00,1979-12-09 00:00:00,38,0.0457654962978114,0.0143140304200351,0.0496651623664482,0.0262151714414358,0.0724334361705374,0.5409111406831653,1979
1981-01-10 02:00:00,1981-01-11 13:00:00,36,0.0455583140063064,0.0128550130203366,0.0489439188176961,0.0366239137947559,0.0577454268932342,0.5199006957729687,1981
1980-01-01 20:00:00,1980-01-04 00:00:00,53,0.050366665537702,0.0230620388276875,0.0548258669888667,0.0292008314281702,0.0792382494249242,0.5105667265017928,1980
1980-09-23 13:00:00,1980-09-25 09:00:00,45,0.049256494027866,0.0002944704007823,0.0572604734641625,0.0743101090192794,0.0150817018794886,0.4834577687460274,1980
1981-01-06 10:00:00,1981-01-08 03:00:00,42,0.0488044177127333,0.0025782200521789,0.0512677947054782,0.037315659224987,0.0644758494293436,0.4702144560652005,1981
1980-12-07 04:00:00,1980-12-08 04:00:00,25,0.0418109810918092,0.0122796254921704,0.0512620669836682,0.0366735011339187,0.0488188443507285,0.4547254727047694,1980
1982-02-14 10:00:00,1982-02-16 04:00:00,43,0.0501568366692314,0.0012015423809643,0.0516677333622239,0.0570661239326,0.0407321031423325,0.4232560232230457,1982
1979-11-13 17:00:00,1979-11-16 13:00:00,69,0.0542811940302836,0.0189731826782226,0.0572258445368627,0.0340547859668731,0.081871360857436,0.3945976119104305,1979
1981-12-11 04:00:00,1981-12-12 09:00:00,30,0.0474875704048068,0.0305953863326576,0.0555786830233896,0.0187611188739538,0.0866723461671078,0.3753728878557957,1981
1997-02-01 01:00:00,1997-02-03 04:00:00,52,0.0530943936171589,0.0071538265496492,0.0549716511924315,0.0645694658160209,0.0374416351476882,0.3590915319077329,1997
1980-11-08 00:00:00,1980-11-10 13:00:00,62,0.0548178796906062,0.0037289552112644,0.055031628523215,0.0596613474190235,0.0482110616533046,0.3212914591824113,1980
1981-10-26 01:00:00,1981-10-27 16:00:00,40,0.0524588370303879,0.005631087166228,0.0520328782186495,0.0674199908971786,0.0320508265273368,0.3016465187844805,1981
1979-01-27 11:00:00,1979-01-30 13:00:00,75,0.056368179633643,0.0047817510198801,0.0535343702170253,0.0493254363536834,0.0659749506318822,0.2723865274767751,1979
1997-10-15 09:00:00,1997-10-16 23:00:00,39,0.0537812281563484,0.007630133396713,0.0523318504323105,0.0706443786621093,0.0307787620323769,0.242532101902412,1997
1997-12-07 18:00:00,1997-12-08 22:00:00,29,0.0521426685394845,0.0299031456559896,0.0551216418195883,0.0211594775319099,0.0944057917024226,0.2278626123549471,1997
1980-01-28 11:00:00,1980-01-29 11:00:00,25,0.0511929316013946,0.0099435313101857,0.0544280296483529,0.0580504238605499,0.0418388584351286,0.2201767099651329,1980
1979-09-22 15:00:00,1979-09-24 15:00:00,49,0.0562875948123446,0.0035811591191741,0.0557376234797159,0.0722098052501678,0.0345686347560679,0.1819078541951108,1979
1981-09-28 10:00:00,1981-09-29 09:00:00,24,0.0540427411146477,0.0126134994133753,0.0567796440890549,0.065561793744564,0.038329985706096,0.1429742132484533,1981
1982-11-14 11:00:00,1982-11-15 16:00:00,30,0.0560283385830465,0.0044502599257975,0.0551713094787445,0.0617540478706359,0.0482181024519687,0.1191498425086027,1982
1980-10-12 14:00:00,1980-10-13 14:00:00,25,0.0558007493971358,0.0066874434258788,0.0576322519854559,0.051868163049221,0.0611650585494142,0.1049812650716047,1980
1980-02-07 12:00:00,1980-02-08 13:00:00,26,0.0565780777069605,0.010855624448508,0.0577796759355145,0.048567771911621,0.0675046718183984,0.0889699796190254,1980
1982-10-23 14:00:00,1982-10-24 14:00:00,25,0.0585002646791381,0.0228636247962713,0.0558287446726614,0.0391980484127998,0.0848297784303097,0.0374933830215452,1982
1983-03-01 03:00:00,1983-03-02 13:00:00,35,0.0592459664830108,0.0003264884861418,0.0540362002401051,0.0976423919200897,0.0068706916248861,0.0263911730946201,1983
1979-12-30 21:00:00,1979-12-31 23:00:00,27,0.0624565953920093,0.032316190905869,0.0568827595387489,0.0242275204509496,0.1146035895068594,-0.0663280755842514,1979
1979-02-22 12:00:00,1979-02-24 15:00:00,52,0.0613877214586876,0.0016654577321334,0.0539541493242387,0.0858193263411521,0.0280613821950998,-0.0721615158517586,1979
1983-12-20 07:00:00,1983-12-21 20:00:00,38,0.064674614402994,0.0254703034088015,0.0584504297026704,0.032338336110115,0.1087834438745011,-0.1776353473137738,1983
1981-02-13 07:00:00,1981-02-15 14:00:00,56,0.0666129805657131,0.0008203439377248,0.055943232658587,0.0904777273535728,0.0340598794691106,-0.3703269116799347,1981
